,SCG5,ITGB4,GOLM1,TSHZ2
0,1.258513192635823,1.347629333823459,1.175381099457272,1.44505351197134
1,1.6367790213905458,0.5240820808188901,0.8232260663412304,1.0217753334295876
2,-0.5734909422590435,0.0072462506674456926,-0.27701470962502384,-0.6439591477107969
3,-0.9683535830963746,-1.509973334638749,-0.6559807864435546,-0.110688965085565
4,-0.293236878708864,-1.1788210279591136,-0.8996308893289222,-1.8850626012102363
5,-0.6389796955877461,-1.3770285546416634,-0.5464873255200641,-1.2934064214546088
6,-1.0058983714256111,-0.09416129125460362,-0.7242568190088797,-0.5766029977676835
7,0.1261007284821747,1.4169836727335703,1.4369327496497932,0.8552089980860061
8,1.5183425930939674,1.2355020052346855,1.268315029081491,1.0195359910594863
9,-0.02005639410608566,1.0569584644250078,1.712864689387205,1.2037821624112146
10,0.9127665989732896,1.457154840746452,1.7275209171849553,1.0783339568934618
11,1.8466821478918498,-0.43106279990180446,0.5000743153672496,0.2580394529907553
12,0.13695543331535198,-0.0738893758202338,2.178383856887667,0.5417682130172308
13,0.20807699121408008,-0.4243482472325998,-0.7838536850320628,-0.7075846433572546
14,1.4460522928813213,0.7200818939008069,0.667362132253913,0.8823363094748039
15,-2.006697958992596,-0.2350723078251654,-0.8938055412856374,-0.2950057358941119
16,1.180861706878526,0.7878030961260459,1.0630396648910405,0.12996212148790315
17,-0.5793557904047701,-0.0011591284180340184,-0.6226871568670139,-2.1796115325513354
18,-1.721325475698238,-1.107838124189126,-0.3320769064454386,-0.9301138111447173
19,1.8409649250438207,0.4602751785978156,0.46168129339891817,1.4178211425100171
20,-1.0941604123094153,-1.2699595582622047,-1.4002210039751948,-1.4350352708093188
21,-0.9322695031854228,-1.100858063768403,-1.099780788190988,-0.9915799458742666
22,0.6733508208401205,0.7331136445871376,0.8554834241897696,1.626877845183919
23,1.378135829727611,1.0674385751367663,-0.05830980697694553,-0.007477737623068856
24,0.2856222210193817,-0.2785395941602137,-0.7732411872194596,0.7727990647980899
25,0.1226381479300227,0.8034173564587628,0.5468798866116508,0.23450484946307273
26,-1.1691336920753381,-0.7916345334326504,-1.2076878291633595,-0.9911570091137129
27,0.11807256213242522,-0.40402777586375743,-0.4230173579558201,-0.33431892743395425
28,-0.866371619632239,-1.104783298710895,-1.2127963560178558,-0.8004547556741873
29,-0.2837919719209653,-0.8566439596302654,-0.9303676115319218,-0.25484492142412285
30,-1.0711541438412666,0.1469015228831278,-0.7267865303882245,-1.0739430034308106
31,0.9032099600495126,0.9781004640040833,1.0565693400407532,-0.001553917187536197
32,-0.9740926085635037,-0.34909075605991674,-0.6241289215206582,0.10094863890015256
33,-2.006697958992596,-0.8834837667408502,-1.5814855401139802,-1.585010457161643
34,-1.3111074750360718,-0.6807666204530581,-0.8889383961624572,-0.703993352939006
35,1.427151424821334,1.9891304664439564,1.7213303262874382,-0.32831346834901814
36,1.2335529720720577,-0.5316790692708998,0.29893139879941527,0.8893344725634966
37,1.5902111677067898,1.5018952226946223,1.3841425074888687,0.7823802066218315
38,2.2330219307826225,0.7387226925298812,1.313841736416571,1.202907958475345
39,-0.9265231863006231,-0.814564910912127,-1.6649252646851072,-1.868620697360342
40,-0.4424703927658428,-0.21985292902367837,-0.5198341229330504,-1.1229549015607618
41,0.8077685674141797,1.1341505864057293,0.9314976627678883,0.9624245135020008
42,1.6865822160951691,1.364077735450953,1.1908151457326661,0.6627622848010132
43,-1.2558925608728533,-1.2951599956351245,-0.8271600213998594,-0.8293587197232929
44,0.27369759513878944,0.3535635708433645,0.09702887267858883,0.9197128406588687
45,0.2864827271863632,0.5742755464470644,0.42683076815560805,0.9481578100978504
46,2.0194285894493107,0.7286187031019427,1.0560520813616967,0.9311497576995036
47,-0.5209945167312299,-1.2800066225570612,-0.8540302584554706,0.6590242653342231
48,0.6084675600032613,0.9984737675402657,1.3183677889892365,0.6598837600070407
49,0.4826302726608852,0.8815273905449135,0.6954920251511945,0.8363314175864507
50,0.8453032584102087,1.4531335856552943,2.1499278077146693,0.031027133410342495
51,1.370960920802695,1.1091713859504824,1.5276689820701408,0.0690239671008481
52,0.9083788435978484,1.7923730408706422,1.1516789622442816,1.2648095050434627
53,1.0398694365259464,0.7306394103392753,0.7396686633336349,1.2245323509203652
54,1.5208970812244278,0.8347420825106007,1.0217092146767084,0.7617971248784172
55,1.1762392422314167,0.9646205857901983,0.8210452997850638,0.5652913492213509
56,0.837247595307491,0.8573072509825194,1.5746243465027152,0.558828979536155
57,-0.9340592612121227,-1.4705666407959925,-0.9229834738850018,-1.2076943863916856
58,-1.10967954706858,-2.1118629221560883,-1.2272412455055997,-1.1012765277274719
59,1.1055539881954755,0.7636931237518313,1.157671511520757,0.9502295885900638
60,-1.3392071157655387,-0.6174872733364425,-1.451313278260417,-1.2453964275337843
61,0.5689370080253932,0.9674111233271167,1.1796349573024172,0.30075916284032406
62,1.5594818567710094,0.13269661628403592,0.8626179834805529,1.2292988108129204
63,-0.0935691818795805,-1.3866685205824125,0.22940444180657524,-0.2582840725356043
64,0.43915259463929096,0.046124006034559135,-0.5638948905278464,-0.0695471839872256
65,0.5259217954853822,-0.3675115750231918,-0.009144993018783397,-0.037724022701301034
66,0.8749676580999717,1.8343848610992313,1.269939119071571,0.778664386734209
67,0.9299849876469628,0.9986205684468648,1.2417377861454113,0.9112530463176192
68,1.414935227584946,0.8039591472803741,0.7917805447894558,0.7826770252177546
69,0.39806844030174354,0.18294916092663843,0.5638167300473748,0.21340803557609064
70,-0.9340025545888231,-1.2773563267372998,-0.953482646578795,-0.9723399478917826
71,-0.9521359338774089,-1.0419847450085145,-1.4484695072792253,-0.7806396065367942
72,0.14769641093202301,1.2082179054118263,1.4228583204732022,1.2406426627176967
73,1.0782158144165033,0.7738602122472165,0.7260416963061489,0.5002479074899359
74,0.4364175966735741,1.739128177647679,2.331355558949556,1.606599948374387
75,0.7367452028421378,1.5541322054197697,1.6628975870784466,0.6396211520840387
76,1.4804621846501331,1.0057997919500326,1.3583014868551366,1.3799498565819486
77,1.4496961209455985,0.2479084487865577,-0.21279093236945426,0.5981663545482478
78,-1.3811341817622103,-0.13686162438683283,-0.9255987006876325,-0.8359580544360953
79,0.20391787756562618,1.2357489823153507,0.9584086533795029,0.8310017059455039
80,1.075088732048887,-0.6178456975192247,-0.8142195725713745,0.12405808070352277
81,-1.2076846868984112,-0.7364891842343029,-0.5963627675456525,-1.1533390145151867
82,1.0194191132524932,1.2499996170175045,1.469118837036804,-0.5166788551337936
83,-0.8730052962559166,-1.0603656235627001,-1.5934088222373415,-0.9440851792621162
84,0.5781627942999731,1.3680582776522483,1.7829056571921689,1.1748790612106952
85,-0.4193911979279779,0.2602954440580844,-0.12645909447003972,-0.07028800207046029
86,1.258149357905021,-0.4131105930009405,0.03945839648749351,0.7687650237176556
87,1.985983775640503,0.24394403606268292,0.8170448538225271,1.1188098283390069
88,-0.5464075428674645,-0.41554444936335816,-0.8203358512299797,-0.4347786717126925
89,-0.6140870760982653,-0.6003778449324988,-0.8299468281863996,-0.268589233900355
90,1.2243345960969598,0.4318844015330315,0.6607087268402987,-0.5226700502118925
91,0.8660717581788523,0.7129258349678397,0.3952345142734134,1.2206797636040465
92,0.6072583308124603,1.1143988835672203,0.9446775459118927,1.125553088830446
93,1.2993557257913466,0.4830838558693658,-0.4305507957412352,0.4634465050662337
94,-0.9267175550114792,-0.9582634864362082,-1.1681819405907135,-0.5195351302902091
95,-0.15475803044207082,-0.5224324566500513,0.11341587441679155,-1.265292440732845
96,-0.9723050163195196,-0.6538405763081205,-0.6988427976582173,-1.0605384412075773
97,-1.3735875096042494,-0.38087382727406105,-0.41616179043456136,-0.2164459054455179
98,0.3756131128159718,-0.618421620364498,0.10161308685227069,0.741269870097117
99,-0.4312671417074362,-0.6810663262438151,-0.647547472993306,0.0846598215144797
100,1.1699082767987692,0.6588070930142765,0.6119742356852635,1.600806008386782
101,1.0489332097555846,1.0768450361009907,1.594474187442413,0.7183050614764862
102,1.1576405625873198,1.114831866924467,1.5289291544400447,0.9957889515755194
103,-0.6443285296171786,-0.582889095952546,-0.7695382628246961,-1.3905866086769423
104,0.04890910195139865,1.2187975715541681,0.7736358079021667,2.0638492608349766
105,-1.0542928700278862,-1.537725061216908,-0.8251940458058143,-1.554462896973344
106,0.7424951776287798,-0.016177829720044463,0.8923341919798131,0.4247236165659193
107,0.9437614309072498,1.1344291819916144,1.5578222178046666,1.1165958260534599
108,-1.2634446101465209,-0.7504672150031212,-1.0577940849408858,-0.7279888045546129
109,2.130709937697206,0.2498334531441128,1.091900393066401,1.069051832282877
110,0.9689881555303137,0.3849435332118931,0.882480450665997,0.7666604885950367
111,-1.207624907637565,-0.679620446190246,-0.8453274137894621,-1.7049141649724295
112,-0.02514354336189525,0.31461115875638496,-0.8361017068956647,-0.6645741232360305
113,-1.0792500164299776,-0.28003559580125786,-0.4150374767297622,0.26962417270068784
114,1.5963531003928928,-0.10185712112960199,0.6814013175090099,1.6426767358256877
115,-0.8729767646215522,-0.9390062215448216,-0.9333668079460344,-0.2882351777715617
116,0.004299891622370793,1.2025825990345504,1.785695757498389,0.4635126453742611
117,0.3960931443488831,0.400258526215519,0.542674407635796,1.6391676030833204
118,1.379371795132623,0.09161159563102568,0.5407848795249078,1.5940602383891558
119,1.4244126637890975,-0.2184403730419408,0.6724138175239894,1.1322388546249464
120,-0.8731397988307585,0.14254085905113986,-1.0592393870303203,-0.9443332120038442
121,0.03060214455154729,0.6146528801200365,0.795083103714365,0.5719219085143249
122,0.9219525034489146,0.3327529288925028,0.5352457142111449,-0.15346281571986126
123,0.5953560653810016,1.1927734332006281,1.541043202440775,0.7157779834738136
124,2.0155422821202036,1.2127930311897854,0.7874499251093736,1.4898307534315243
125,-1.1094324512268017,0.07232145005600775,-0.9018672713671285,-1.5835782404832162
126,0.6127984151914306,0.6344972116801315,0.9605345844634393,1.1931631481069476
127,0.45715981289335933,0.22795291546581417,-0.02802066953329168,0.6902481525899872
128,-0.29983570772099594,0.990923053696704,0.6963653100468334,0.4385814390788335
129,-0.35373802038737034,-0.8382959637303234,-0.2242661158139622,-0.2281790364294025
130,0.6741420189119591,0.6336636418634795,0.3483560551558391,1.0565015784196674
131,0.15589569392992314,-0.6795636048082703,-0.1703613596366963,0.11462455185412582
132,0.426795549892492,-0.11609979455029469,0.15144760053705067,0.6173041833543081
133,2.1208121613235544,0.7144193634880315,1.3475490255431954,1.0550668825335514
134,-0.614626342277265,-0.7215012619558534,-0.118057188806087,-0.39387464426064767
135,0.6498734313801557,1.2597272289817758,0.9236689208338892,0.669991481855648
136,-0.6487710788380815,-0.9631987124043491,-0.5100593530471743,-0.7301499939201261
137,-0.8781100461160871,-1.50097540663579,-0.9943429439238716,-1.6342061565307928
138,1.8673859637629266,-0.251099963609743,0.9506938607046383,1.6120492416079386
139,-0.6805874953393029,-0.4467160586900089,0.5874394053914711,-1.157839283643273
140,1.97854881123241,-0.1429508518974826,1.0428665633642182,0.9410509741938561
141,-0.39369578634194813,0.0354012634464996,-0.8077944413329285,0.8323875869962509
142,-1.1389042303779635,-1.1330988337833874,-1.7761945275066344,-0.9574266204887074
143,1.425823460136755,0.2684036840778341,1.1325170821304242,1.2828270204680081
144,0.5445374858971693,0.127551982995406,0.838155545401529,0.6151533481718142
145,1.0283804621823127,1.4302444383519164,1.4408246594647527,1.0922429562074127
146,-0.31856730484913814,-1.4666350259899534,-0.749947319923558,0.34337173192482967
147,1.914037400503762,1.7163338070353922,1.8604639891021388,1.1798239674119153
148,1.152598176905297,0.42895828573751765,1.4220785715364959,1.3663497517921306
149,1.725224752960082,0.9221563322419749,0.6822537586642525,1.1713105671203305
150,-0.9626984607527366,-1.582773161473269,-0.8576376525183933,-0.9584131752143052
151,-1.4793699904062994,-1.334159894598361,-1.6406953295300832,-1.660292354816896
152,0.5119938891787161,-0.12421017268647731,-0.1356868844335134,-0.05069652041154408
153,-0.4653615729731749,0.17170077670053033,0.3361212230274089,-0.42250242167495794
154,-1.218727106109346,-0.7305025735034361,-1.216500957825019,-0.5384693492247458
155,-1.0373368032124064,-0.7933884204893933,-1.5152645242624974,-1.186323725441034
156,0.9168427331184666,1.2640411596974486,1.30361733391951,-0.027238933036039806
157,0.5284530132636293,1.029258762062355,0.9504870667996123,1.9974492129903776
158,0.950876752611166,1.0129415343706663,0.3316322535298033,1.0350609397901063
159,1.2365660986043026,0.9673006112814492,0.7234755162072963,0.9662668902238399
160,-0.7511319262508459,-1.7654427043878627,-1.1822523144989159,-0.26981090762008003
161,3.2179848563728286,-0.41665173749569223,1.0740993822410048,2.1549176043524825
162,1.5479571614917662,1.2911950610385436,1.6162451612382913,0.888157132135804
163,-0.8355081490499141,-0.7373619229645747,-0.7166875372944237,-1.1669310902025216
164,-0.5507859004834251,-0.15173745615762044,-0.530607344506075,-0.3100064441709931
165,-0.5207547443137646,-0.4238166740457387,-0.1178521427491278,-0.2568420786629803
166,-0.26025996541412744,0.5286954069535784,0.8578724324952594,0.41083792865434926
167,-0.5537863478134102,-0.6681128552516032,-0.7237178544046713,-0.5606706448683667
168,-0.5318152167944128,-0.15862235857339851,-0.7331029885208472,-1.1167347262280898
169,-0.09107229960662228,0.08482391346797695,0.15117237968451666,-0.030842672185782568
170,0.2440044489129286,0.18267355082130263,0.49049682535370864,0.14293134959480658
171,-1.14778444247256,-0.10790124128066912,-0.163488886250653,-0.6296246731489266
172,1.3979929038115104,1.0277594694955596,0.9937589588211869,1.579437306300018
173,-1.3096629985572081,-0.4021810245970268,-1.210614826408614,-1.2506544344813277
174,0.13453146217085096,-0.8724906883964253,1.092504196312118,0.013065846732367267
175,-0.7909152011428251,-0.6641725372278442,-0.9616189758593291,-0.8997286548680331
176,1.8715836987583245,0.8518452798323678,1.097403597058342,1.6186679515527846
177,-1.086703213954627,-1.078701443037354,-0.7247827151878661,0.026530558064596088
178,1.9749878636032348,1.3022269240268143,0.9313555653286695,0.19119480627547594
179,-1.1111539680463949,-1.2932449202173348,-0.14770455296128593,-0.2293696383787825
180,0.4084643009761612,0.468321580743223,0.02386213947645315,0.8801239248656861
181,-0.7067540553514134,-0.8528568243472703,-1.0502784491184811,-0.8575519191664437
182,-0.5128889918540342,-0.7002992284315539,-0.8914752658926978,-0.8980464676612099
183,-1.3746833666998461,-0.368152635536325,-1.6099869537705334,-0.9758077547975689
184,-1.3702024445644996,-0.7193997999329371,-1.0797996186431558,-1.015815041499098
185,0.9129464503862127,0.37676223266979764,0.2583292925274853,1.0109055845477932
186,1.4147747447622756,0.4980037505741968,1.6088206939537453,-0.06330189778473917
187,0.5656337854910972,1.187314674151661,0.11237687004572915,1.2562839827172514
188,1.3533329080877903,0.33415321780069757,0.5656673228859982,-0.29898385648227943
189,1.3842031335955143,-1.0514138759187683,0.35796798038505173,1.4624406921339894
190,-0.20800360036355003,1.165465291884238,1.5545677899198447,1.0011244238834331
191,2.312408702311694,1.7204035293833837,1.7990525254756249,0.38732113274067187
192,-1.635289598820346,-0.045217323134220895,-1.123287860342106,-0.6056911990909202
193,-1.3387848780594582,-1.1990867389145994,-1.0993315586283487,-1.4046716804779573
194,1.1377827584471758,1.3181371903220833,1.3080147370481687,1.0725876869848578
195,1.576533628015797,1.1189871139297702,1.2589084760002942,0.9028185749356812
196,1.446873971944381,0.6450357708097668,0.6312624304311573,0.9293256193858453
197,-0.970424673401964,-0.9848554631901683,-1.370346534355179,-0.80907114188437
198,-0.17286427419549558,-0.08669483102217877,0.3271023661262994,1.213428980844201
199,2.1296878040891,1.777131197067004,1.2328596571010793,0.664317692545512
200,-1.006266970573561,-1.148409308168597,-1.152007413263758,-2.294036147895226
201,-1.0364803222615764,-1.5084235933625165,-0.5183178034287459,0.29577671284570844
202,-0.7312754892515159,-0.7263800317970979,-0.5016442863481407,-0.8255347499988241
203,1.3470446684727766,-0.27653818908920197,0.6140756055907485,0.9654653868798937
204,-0.9723433389378127,-1.1737229740788926,-1.0096973287626465,-0.38611969314460226
205,0.5202612228680014,1.3073498904120535,1.5008769364326604,0.9085124561032492
206,0.8374074456179686,0.8437262309935991,0.9569022431302536,0.38103313750921547
207,0.19030754877272313,-0.5076797390028935,0.23150834217866728,0.11615034083895101
208,-1.2949239570895401,-1.6133999334087201,-1.6042618004655749,-2.318222418146081
209,0.909197163487715,1.1831083094133925,1.0599528999843455,0.7460107646423598
210,1.2043497850324978,1.5138842130113752,1.048219478509577,1.0855076826640242
211,-0.6688515760423422,-0.376004272024928,-0.2217963021444239,-1.046539172123719
212,-1.1944020634349952,-1.424702493424658,-0.9425267892306454,0.20723409311966343
213,-2.006697958992596,-0.8420843877950226,-1.8968964828685289,-0.6930886553962036
214,-0.7795406124380295,-0.817033535806601,-0.5075428366163808,-0.07472599329059756
215,-0.8772755979273494,-1.6726539768072546,0.5162944497895064,-0.7152967550290473
216,1.4734095243288894,0.8978010775153294,0.4943823568275817,-0.00028390682181263715
217,-0.3464776689719366,-1.6767767855318212,-0.5046452475670566,-0.009693274593504412
218,0.30332029322343246,0.7394877046776885,1.1504233290618981,-0.08623277867207484
219,0.8000092416085312,0.6938004031827144,1.7268826917672075,0.13990076716828165
220,0.6382074100150101,0.2617688526070513,0.5102084036850237,0.21609230878304247
221,0.834022685403372,1.421073347550578,1.318355280136269,0.44448223924104585
222,1.3764399730894374,0.903965296750263,0.46867880314005333,1.6931559705474648
223,-1.1168801542780602,-0.9446331991210795,-1.023876576648764,-0.9429539228528205
224,-0.8466805411339106,-0.133784421598784,-1.6107459020108619,-0.731045703204318
225,0.7454063249059305,0.8686325581348512,1.268873127404588,0.8688045910339852
226,0.2909525094864777,-2.529093064163046,-1.3648109247383071,0.23966305446916578
227,-0.9513134028280467,-1.5514001327108862,-0.6284048348605703,0.3395848436123012
228,1.360093763861997,0.09134849892600999,0.24208432301028682,-0.5597901783642928
229,-1.3156578409137563,-0.5277532766445836,-1.156391811881045,-0.9676393424474933
230,0.016876427245049504,0.8079596616568259,1.1421318247863752,1.2758275743037089
231,0.020812905746166666,1.412854191509243,0.32047744802746925,1.9124453579396306
232,-0.6186177838018032,-0.08322067755796375,0.3117805473492575,0.013690738802883075
233,-0.18877413993287862,-0.21190376683714235,-1.1256119713096944,-1.0156414679796173
234,0.30102201825508934,0.953477402804428,1.4642432931123468,1.3442890464575008
235,-1.3892637786817756,0.17457802126329597,0.20092277492010077,1.0508825319122799
236,-0.9342814208322213,-0.8854865601095818,-1.0110261719961688,-0.0024849439840422187
237,0.9146983354117202,0.5341560380860589,0.6475407525417151,1.564855715855374
238,1.267589300615296,-0.2852794889283377,0.792568563395379,0.990437650277381
239,1.4929037924668807,0.04122554187476235,0.6461362000951886,0.32509736557775265
240,-0.38685089484530844,-1.1005906346680183,-0.8897081758433513,0.47848288916812076
241,-0.8323765110703801,-1.8668017189493447,-1.2974272038296428,-0.20169865729383288
242,-0.4125415313453093,-1.041812977405007,-0.01821706798047855,1.078161044671675
243,-0.029596968744273658,0.9802960336945623,1.8207459548180307,0.8604842672745528
244,1.1502857671945863,0.965013674062485,1.2079212043399516,0.46856357920000496
245,-1.4399292521116498,-0.2089327210373267,-1.1026565030521722,-0.06652607972187542
246,-0.06443668074485889,0.2639568649919834,-0.43715890058514184,2.177110295222121
247,-1.1776658700509635,-1.3475942092554714,-1.0114728802227513,-0.5628157391437854
248,1.5776032838653298,0.6599774309486992,0.6103560283778611,1.1025036209317016
249,-0.8917779411392233,0.30656383042229096,0.12504070756941169,-0.4792439769428146
250,0.36967141672493,0.9775893950582211,1.626022949422993,1.084022240742499
251,0.20504055470235122,0.4693456892491716,0.2992608420729918,0.6856810528750081
252,0.1896908432876103,0.6303288896494535,1.7891495183248403,-0.2420920022121929
253,1.249517136314029,-0.9628828416651142,0.016952739539056558,-0.18941799421371674
254,0.7056741874816979,1.0635508291592677,1.6416722810145534,0.9855976243096662
255,-0.8236610722124911,-0.24091434148758487,-0.1356010442235351,-0.6866585944505427
256,0.7112553089469528,1.1533289981542596,0.8871535050873841,-0.08673370245412805
257,-1.0237680083707885,-0.36367163614676346,-0.28523459126067746,0.0005193722776942699
258,0.2906343086052757,-0.35689585649362565,-0.0728754597225624,0.3805930544323528
259,0.45442252416661416,0.881323786683314,0.8559502561476942,1.1066929932000042
260,0.8957251171015569,1.5571254600418871,1.8488012380813543,1.4607802935005945
261,0.07414280402222602,-0.7881192167932243,-0.3345510114732942,-1.020607264337878
262,0.28818910943708653,0.9455474639596444,0.6413839577213951,1.1000325674900533
263,0.7180497518806943,-0.05246542945758088,0.20269547112690836,0.45923522698248115
264,0.7843567885202463,1.0416230558580253,1.7048347101398007,0.9009342400892892
265,-1.225240686194934,-0.03075047263943336,-0.719478550655604,-0.0007365532375390123
266,1.098139488224059,1.7048956625126073,1.3406444387098073,1.416066431232964
267,-1.4718594689874147,0.7129959297157783,1.5058263856343908,0.7211967213288457
268,-2.006697958992596,-1.9408279516341829,-1.5919117160181453,0.008215337483674442
269,0.29519865224037295,0.6538642604752309,-0.16549075925267212,0.457593846585762
270,0.014638559477369393,0.32175607386591715,-0.4746537973454353,-0.9016028845060362
271,0.2983615713771571,-0.06007997149585112,0.24120285975092545,-0.17268055352617867
272,0.6643312198234727,-0.08838989425903367,0.354847745492214,-0.17690758946454854
273,-0.9942234156352185,-2.368035616930656,-0.254612110494401,-0.9517334480425728
274,-1.1973490840603314,-1.273035461430174,-0.6649612193831759,-1.5854888902354645
275,1.5258550958763495,0.5774694293033038,0.5828365648965843,1.619918723688377
276,1.4816177920481883,0.7198009729901397,0.8731194851146392,1.5436583649589868
277,-0.4374086522107006,-2.4602797662558333,-1.260224115521795,0.5347281273432397
278,-0.2583703238052648,-1.0321580407080004,0.020288416271765013,-0.48325921187607257
279,1.2689655922797054,0.37172267253158087,-0.038745269625279875,1.6023985225724175
280,-0.9534487777102512,-0.635071385265219,-1.981618261823886,-1.4387268980034087
281,0.5306534027786909,-0.16339598432211883,-0.7876147736365713,-0.000894337286577389
282,-0.13496920823415826,0.14596130342468439,0.1012905958400408,0.3473151185761397
283,-1.5968210150016389,-0.7356774783824628,-1.7035696793802189,-0.5025567111421229
284,1.5011575248578177,1.6671041885302043,1.1289996813731888,0.5713392248888656
285,-0.9295658534384886,-0.7967000928696304,-0.6321777449180935,-0.8060325474806014
286,-1.1062702484291294,-1.0297177118631649,-1.417730852008439,-2.064076595744277
287,-0.6733498579701802,-0.12265624484032664,-1.0480473497554057,-1.2018896443301919
288,-0.892571024554635,-0.814559004981298,-0.7374847927576813,-1.1404804128181676
289,0.5034425498939438,0.1185542077150499,0.22783606121276018,0.9415854555405723
290,0.6291933263336403,1.132484944439233,1.1014102126636873,-0.17496158399753234
291,-0.5742255175344984,-0.6003392120259502,-0.32693786790287466,-0.28173663958140355
292,-0.24708100384064985,-0.8355866480145583,-0.9129829107247264,-1.174387929108429
293,-0.827870440859871,0.31541147445801093,0.4217876525585206,0.65469358613154
294,0.9050860658974351,-1.1133242668933474,-0.3165322761706237,0.5233382256705441
295,0.5535690787353545,-0.030888524018879496,0.06767119477523377,0.08508155687364487
296,-0.7665653365562257,-0.28365335777702777,-0.4167702293907531,-0.06441920766278195
297,0.6622065412559031,1.0684264243409975,0.856199181017351,0.23559001921931919
298,1.5127807274336569,1.5620115487443587,2.052832995327621,0.5233129949240568
299,0.748021323877608,0.9339372454028412,0.8884525735986295,0.3871130755762904
300,-0.8278248999819435,-1.1162730260316003,-0.5970326368396204,-0.9458517794070772
301,-0.7746595463237251,-0.33752140804211456,-0.677995596784229,-1.4870437933340033
302,-1.0829271481663976,-0.8035641195836293,-1.3481796729718478,-1.9037728088441876
303,-1.1146159084657243,-0.3696822854152377,-1.1905450566160938,-0.5914257708584181
304,1.4106058873777902,0.9047503303385847,1.4726972689963629,1.2495269429949754
305,0.5714583662340504,0.7702597522643293,1.0502145035993897,1.0596725825374438
306,1.8230378803774907,0.004822089727009497,1.8557229381734406,1.4630617889880568
307,0.8500487596340114,-0.9262535876718393,-0.06074124625083589,1.381162650206539
308,-1.2524664175954212,-0.5190439559330724,-0.6902418864480538,-1.444134990546355
309,0.735916284181684,1.7965719862463567,0.7948815142226163,0.4345047877688867
310,-0.9653448170879508,-0.7178555665234607,-0.6285568232937435,-0.4965597474931022
311,-1.4876719918602883,-0.8034588651367099,-0.6625202804245954,-0.8797648059622775
312,0.5886208728364648,1.621426897755487,2.3143088880456624,1.2445244920384257
313,-1.0900102757617307,-0.39381603325006187,-0.8743906953817359,-0.1762787757142814
314,0.4535952942375108,0.7773984008206313,0.6638212529405364,1.4326612344867766
315,0.46396144665247174,1.144420964645651,1.1445782251179843,1.1235230050261182
316,-1.6094221103869326,0.03604981229368309,-1.0712726857546637,-0.6081933704093231
317,-1.2961677976523924,-1.547716548278813,-1.2196988976081313,-1.8638335738908327
318,-1.451025274825821,0.5825003680042924,-0.7642608860206271,-0.34795504001495303
319,-0.9892177537635592,-1.1440614089902426,-0.28853810237147454,-0.8746524491732137
320,-1.09661198689569,-0.7241157280678006,-0.7703786503500903,-0.09323097732857241
321,1.1734792988992662,-0.20307018313390843,0.6505791255354763,0.46130574215897846
322,0.4844812990193062,0.050879669634629615,0.6571894347549285,1.1919935983457146
323,0.361035122669888,-0.4671020726879344,-0.1800500597444892,-0.19006726076876226
324,-0.7942361523080462,-1.1657959133161828,-0.917969534307011,-0.5904191769684302
325,0.6224890948799418,1.3724495254169888,0.5383675404283429,1.6885650245957127
326,0.3549817584562501,-0.7885012972144563,2.0865079101340562,0.5661187986198487
327,-1.2415306628021885,-0.8464462615841443,-1.278235624646631,-1.9586801680137345
328,-0.19863717538378883,-0.4933238143827614,-0.09857823079155288,-0.4781811226904314
329,-0.5470406982419849,-0.970875367217644,-1.1470686089785094,-0.0722560701147317
330,1.4957084719385558,0.7559249624817473,0.25138775305545946,-0.4752121990285938
331,-0.14397802148862446,1.07325713878378,1.4955107298157986,1.379616905048868
332,-0.4576715583109224,-0.7506468532398384,-0.937256919042718,-0.9505065419036431
333,0.9887765387900055,2.0383090953061056,1.0901863802063032,0.3861835650221085
334,-0.3883493070868262,1.7702875494599992,1.548416447342008,1.3222329043404246
335,-0.7538677259067149,-1.6012734553081887,-0.4084351567412171,-1.1846308086132555
336,-0.9060556038269794,-1.7096820565161288,-1.0756509421207907,-1.2161442204304147
337,1.6764060109022143,0.7309668968640523,0.6677146105997906,1.1894316217404246
338,0.8069178949066491,0.13886322981525173,0.3250183573087159,0.007137779237541703
339,0.5630722772373508,1.2514361553743467,1.4372147531963237,1.3616446806124178
340,-1.2155112982843101,-1.1151818368321673,-1.0839592726948806,-0.6198586999369902
341,-0.7557383982462781,-0.08691349037644734,0.6790316790123352,-0.8851182518672814
342,1.9765824100775273,0.5447429166764615,0.7911005144981365,0.9541907986632887
343,1.9195095271630185,0.528003475034259,0.7938080355049544,0.9415597268448261
344,-0.5169022939144523,-0.29380850435021594,-0.9830736439381583,-0.6356355965024597
345,-0.7884479585436625,-0.8006543106208168,-1.3390187551537187,-0.017611454267292263
346,-0.9643602272698726,-0.467729122133936,-0.4232709041879439,-0.09469679109144567
347,-1.1635707138032176,-0.6318399168838901,-0.8323219489259303,-1.210413580595799
348,-1.12547842444346,-1.4186533048538064,-1.6147613977278854,-1.900575070910863
349,0.24837886056727737,0.7142803957729708,-0.026300995732437615,0.18456913557960167
350,-0.15207603547403986,-0.13463120438380574,0.09194009128980907,0.5830109026109312
351,-1.2144266389407266,-0.8771668308154167,-0.01155942338311575,-0.8579751312481495
352,0.2679420069969462,-0.3209524048241259,0.15366831976958215,1.0095329544801244
353,-0.07661871470217023,-0.8809098696639273,-1.3590951315510638,-0.3578403932685998
354,0.9418358915641889,0.2995450641822922,0.6873503792820568,1.112947221411947
355,1.1535640702725876,0.8320556131108388,1.601428014025485,1.34721099822316
356,-0.8145011129298019,-0.4425503772823922,-1.4704368713710323,-0.8529892193205854
357,0.7361064722155609,1.3659208804936533,1.1089693033804144,1.2677817760308794
358,1.0957367847305153,1.2631065564895436,1.68371710543038,1.0590736444254367
359,0.42229283123454653,0.5044099513827381,0.1942892480173539,0.7861347229631723
360,-1.0360151270707427,-1.061455014576654,-1.541903584932529,-1.4310209501003641
361,-1.0545679991149037,-0.20624768033287794,-0.7188057008893718,-1.101550810826076
362,0.395549366757611,0.29950856840686757,0.0416325760042981,0.8722103993049544
363,1.325357728992609,1.1517464175772945,1.5199600590343103,0.7073690721698854
364,-1.0637223084633716,-0.24172941708974813,-0.9153418951743691,-1.3564424624195377
365,-0.8731026970372032,-1.2393399987748142,-1.4041636522543375,-0.6472676319306789
366,-1.0243368331563294,-1.3452701759913168,-1.138640097158687,-1.4039641404507404
367,-0.5382050474339547,-0.3817017071904457,-0.8655771574014413,-0.49061714340295925
368,-0.6496711847460257,-0.5917062252409877,-0.753076903699214,-1.3558657026955567
369,-0.9060925120118972,-1.7088451864329697,-1.0763564785224504,-1.2163175602165102
370,-0.9494690528556426,-0.6318374809375885,-1.9702332427290963,-1.4362675265316218
371,-1.1497472465224001,-1.639568837227896,-0.7622204701342807,-1.0082092448407327
372,-0.7155887651102074,-0.7900270594450877,-0.7025462481754022,-1.2178752433092066
373,-0.34919676781791364,-1.670060991990103,-0.5046240418591313,-0.015458259469622693
374,-0.8748605180170275,-1.050557307071418,-1.6023618733381753,-0.9554928168229448
375,-0.5323859009096082,-0.357692443535719,-0.8976729740585228,-0.5302309720353645
376,-0.8369829324434646,-0.6638877424519966,-0.6849297986984056,-0.8540461969456121
377,-1.2657492859008508,-1.502692235329307,-1.198691853033301,-1.8417491903952958
378,-1.2053366699086416,-1.1152104745265516,-1.071180135774586,-0.6284142191689579
379,-0.9180671825813824,-1.1160190284589848,-0.7103752025588684,-0.8699699333278228
380,-1.2578265521728678,-1.5035594186240118,-1.2535594214283141,-1.7804984511862392
381,-1.3786778219334734,-1.2505948041057144,-1.4282370611330397,-1.2632483157540149
382,-0.6530981572861833,-0.5869874665842413,-1.216503651570865,-0.7536058381302435
383,-1.4692017916073599,-1.3295686072019175,-1.6399023766894902,-1.6482821949040205
384,-0.7482141620497179,-1.2292220487468617,-1.0351514323313245,-1.1303562277758625
385,-0.676356904541453,-0.649764264202579,-0.8849292382779523,-1.3280498000814507
386,-0.8905146175308173,-0.7205807738090133,-0.5879838419735346,-0.6017305757872473
387,-1.017574894765967,-1.3577162553592184,-1.039427212825664,-1.4586882599924669
388,-0.8757524619928285,-2.001135440177821,-1.0179464412452923,-0.4027125250667106
389,-0.7173219628645877,-0.5158960451190941,-0.9294608411525238,0.3325840631018444
390,-0.6549961607441631,-0.06525301239246921,-0.34763753039567585,-0.4924024343823779
391,-1.0609174156423569,-0.14354955795456695,-0.15601477563757948,-0.6449101095800113
392,-1.1202787320399432,-0.17698590404572614,-0.26444577885163706,-0.2687187782715774
393,-1.277382260350798,-1.2582533279837051,-1.4405151994029464,-0.007246090517631668
394,-0.8538666728340347,-0.7828293870094176,-0.9586402388584478,-0.7270218319065694
395,-0.8900754704418077,-0.7083489850811648,-1.302147539011553,-0.02524186780250567
396,-0.9940678075982304,-1.4529391107679668,-0.8914601274895279,-0.9552678819034639
397,-1.1992192643225728,-0.7472502610072829,-0.8866469265955994,-1.2499367533760295
398,-0.8168203487567021,-1.1339202945158118,-0.9067458192326464,-0.6324951529694413
399,-1.1748743114531728,-0.8895789283657412,-1.0972662941860116,-1.112077998460484
400,-1.0953097409771035,-1.4883734974815863,-0.8255940373280811,-1.406935366854882
401,0.5383241358038329,0.3701617113055184,0.14669799539992273,0.8596703913467769
402,1.584551024755228,0.6435572267492808,0.7180972114268883,0.6950306992045139
403,0.9547223976921624,0.4006787677606568,0.39373985874535,0.9395892902489746
404,1.452177768353675,0.25157188128884517,-0.19904820712059515,0.6037855112000805
405,1.4720389312465987,0.8602384245814501,0.453508982285423,0.03430546759531694
406,0.9297378246869837,0.333699290341718,0.38389827949465277,0.38972971707707765
407,0.8739397590950648,0.38606290612381333,0.3428716054579253,0.9298551931178838
408,0.567321867921842,-0.017559135533457615,0.07923250729257338,0.09621954206890543
409,1.1795653263933952,0.6874846232869619,0.6185760104939674,0.8033497284816067
410,0.6412473189238469,0.42109400426694743,0.22243733976920724,0.8506305760907064
411,1.4572070208898935,0.4537531531513837,0.011196646831442034,0.40861532460391026
412,0.4571775825651584,0.17065259810192282,0.05178772435168833,0.5652275200010477
413,1.4694540079845035,0.7893956802182126,0.3764222539052437,0.09954064184753553
414,1.4538071869066314,0.36057685918337556,-0.09019208011785923,0.49441623234419224
415,0.9771698170394687,0.18613861789426744,0.3631389419047543,0.45138559424368446
416,0.710541075854774,0.12125084949767305,0.19963004985258298,0.21220862588335665
417,0.6992020389389194,0.3544479157633558,0.2328405051852283,0.9087997538551383
418,1.0487203493136428,0.44901875552215936,0.4839212008568713,0.48609021383278483
419,0.7788135554464304,0.08451298639405105,0.2247825311568271,0.279859218368971
420,1.5108382269222764,0.6829683831983745,0.8053744334478141,0.8860391454765252
421,0.5823723116206749,-0.0018081949256027316,0.08103292618663345,0.08240848314334352
422,1.2790846712628954,0.6722909586225722,0.677577475434094,0.6726555986863569
423,1.5633029148205257,0.6921637443019155,0.67532724875482,0.5620999655777573
424,0.9815997432150658,0.18840824145683566,0.3662288805868569,0.4552163237411569
425,0.6192920524039065,-0.01044123782007399,0.047101784268557635,0.12271177787906139
426,1.1622007806014758,0.2619812464241751,-0.1434025167234737,0.6729058399221785
427,1.4340294693990951,0.8346023633255207,0.6946679118509226,0.5270083605246205
428,1.5435858761900827,0.7372678306052063,0.6356391537280527,0.4387477983428155
429,0.4778514465150333,0.12742644325861938,0.055194380743953796,0.46224673111225945
430,1.3814901237311201,0.7715437022271632,0.7636648445786958,0.7555908053588845
431,0.7219715595935172,0.055390620012007806,0.18513440277007168,0.2307057332819244
432,0.7800023610639539,0.03955786436362836,-0.0031959446223211833,0.21472776704024735
433,0.9457038957147933,0.5717565770040154,0.4464815328852968,0.8238899417238439
434,1.0932865324121146,0.5140211822212102,0.31804446651122187,0.03499327154289962
435,1.5936528784256856,0.5162793431335215,0.7960698406751247,1.0165787457493687
436,0.9057163160458087,0.0786691381422832,-0.04254081601356987,0.2867063103923707
437,0.8008994093736636,0.0460592124257829,-0.009736122905005293,0.22669254134003855
438,1.1540681167864915,0.7205428584052738,0.3602445920563117,0.2582130399612153
439,0.5736840157373804,0.39838654005154717,0.11645714644240658,0.728015935981485
440,0.4124032265915229,0.308863713429496,0.04871195572924017,0.8585677234549814
441,1.429653041304522,0.5685264581902796,0.36644349388499103,0.7045549340501603
442,0.4579484305250484,0.16904086294899479,0.0519147453157585,0.5613877670059001
443,0.44192628359542974,0.2025409288186861,0.0492746026995588,0.6411973920718668
444,1.472586216597346,0.8964797997743795,0.49856967058987245,0.010740044294142779
445,1.4868961346339773,0.3028234777258051,-0.006786821668952649,0.6823977823026165
446,1.1454081773653444,0.26280323855409055,-0.13934953926745033,0.6772713733685792
447,1.2285103480473196,0.2587354159944151,-0.15940665724877828,0.6556674981099658
448,1.563060870581176,0.4152586158880509,0.4149939020419701,0.8548564407081953
449,1.37200643124394,0.25171133227117876,-0.1940401433167595,0.6183631598954648
450,1.4579702721895698,0.474670917906962,0.03395807518274918,0.389353309261867
451,0.6297760131589064,-0.007179538994092387,0.043820604485166774,0.12871445454144728
452,0.4192462275030394,0.24996175053258823,0.04553736430757436,0.7541714386312858
453,1.546836054916869,0.7298328225118614,0.6421813837545979,0.45908130771835903
454,0.639068664222842,-0.004288472366340822,0.04091227055320963,0.13403503718923823
455,1.554515293510521,0.6278656054345152,0.811565492999939,0.9331133166749129
456,0.10168412644686481,1.4261896935708716,0.4617458049247877,1.8706963634291325
457,1.0764422775188656,1.081444980609355,1.140847992700975,0.8096172980322498
458,0.4848154026794226,1.2485257865286765,0.6807454010088568,1.3522968445870913
459,0.6153981519023322,1.2022793653572332,0.7821344669474098,1.194656027285151
460,0.7978508536608455,1.426265581776866,1.184491272774248,1.279903761055568
461,0.09837536538703907,1.4141928911430928,0.4067216753408504,1.849306251012926
462,1.0192702298675569,0.871033711798547,1.092137310233514,0.953763085801472
463,1.0575446393316401,0.8234187527537448,1.121207472481624,0.9521956700823314
464,0.8342167346491223,1.5469828511645276,1.7413564876598728,1.4925334078855006
465,0.7278472940722285,1.5294427437960831,1.5555470493431427,1.5474456146291669
466,1.034831996221482,1.447582998686913,1.221047350199522,0.4892448180261005
467,0.9661220096583051,0.8471359042744807,1.0500590807009833,1.0739122356943291
468,1.1066703370701718,1.5399693714973313,1.49589575445008,0.81334806372663
469,0.18404532853885316,1.4397708905749418,0.6056169075347524,1.8281781802704775
470,0.9787790008518672,1.9866102436230841,1.1716927202967844,0.5016393137492294
471,1.2120773998207421,1.6876996230774604,1.5700417710732457,0.4378526184389274
472,0.6562325073106248,1.1878177093596778,0.813839705025852,1.1453603798978174
473,1.0242652699846886,1.4934276464184935,1.4043902916699453,1.0188772426925372
474,1.0810125387474574,0.9756587580417233,1.24771519651617,0.9953903329848373
475,0.14019074948394775,1.341412766674098,0.4126122659180514,1.8065516607118284
476,0.2414458537787023,1.5554173566688345,0.4959211785936357,1.5645566280894205
477,0.9853446622244241,1.218244329464477,1.5536143489161893,1.2427201109446802
478,0.8237753606976873,1.2111257677933094,1.0984333686414443,1.0531179067789231
479,0.8384930573252498,1.1753874044676587,1.0024313365296587,0.9805042523001521
480,1.104742136124109,0.7725544203632195,1.1572023460789458,0.9463082670086208
481,1.110803301137845,1.5524517989563391,1.3179254239071736,0.3309274742158002
482,0.9320674786255796,0.9795175652954151,1.0259051158618413,0.9573342176611879
483,0.19560190469679328,1.3509519440094033,0.45618981007681864,1.7014383082800342
484,0.8183115115518602,1.1848506250070467,1.0414505927793367,1.022160112134395
485,0.9835940051152663,1.4730813962376406,1.5785637419830634,1.216666752506287
486,0.10110118819939667,1.4457539746734562,0.40045255362233345,1.7845197730861742
487,0.3336615900353971,1.6150030502631472,0.5692496317102343,1.4191530714374332
488,0.9966967377009525,1.1753183788070405,1.5162231320684512,1.215098506222115
489,0.8696036894034115,1.4315099417082398,1.576379467275586,1.3127780751160072
490,0.9439625274867605,1.5109877645752845,1.700448877018934,1.3267692080787503
491,1.039632948219343,1.446015038061029,1.4487399451674574,1.0521578125290718
492,1.4121764964757006,1.9681427842700405,1.710796579714177,-0.27496773191956175
493,0.8735792150883919,1.4506278752813313,1.6178404379201186,1.3353031310747088
494,0.9558419229742144,0.9499411666043945,1.0439622711321845,0.9563606053100707
495,0.5709906780307703,1.2180064560491133,0.7476549332929103,1.248265179467096
496,1.0220394852107997,1.6752468518271701,1.10940887837304,0.5468467132268484
497,1.0978140416739728,0.7929604205699462,1.1831651773595486,0.9690622455639172
498,1.0754226911674056,1.0239385302042903,1.2682245994239576,1.0056766723595008
499,0.720214551723505,1.69944847144981,1.0171509697563745,0.7980689897412092
500,1.40662319362992,1.9603597116267117,1.70689024484086,-0.2551849975327024
501,0.8692412918598589,1.2166560913327311,1.0734198295377213,0.9985979635545675
502,0.14982212382449553,1.4657183850288162,0.44898344570570725,1.7068913322476413
503,0.6861294935816382,1.5225635621832838,1.4826731013847332,1.5689820302858286
504,1.00915938292462,1.4486288477604892,1.4999383736396181,1.1456421265553502
505,0.9606536419169052,1.4950231937488923,1.6491159755488605,1.280398676497104
506,0.03470274431779891,1.4218291853530265,0.3315224216712492,1.8905441943029226
507,0.8515825010713008,1.3530069197670433,0.9699091033532558,0.8229423542616564
508,0.9645205450612068,1.2969872014336736,1.6222043686110412,1.2933888661135597
509,1.3226514508589575,2.0008536869097218,1.5708779896376668,-0.15799139068751847
510,1.0778032819250623,1.0665897327654748,1.1416345106591825,0.8161910768506966
511,0.23469458895486991,1.337107108059172,0.48654275306158506,1.654245223943528
512,1.0283824686496097,1.0555041539933423,1.4118573674706139,1.1380015262540815
513,0.6579037463976675,1.4238501459833266,1.028879522108522,1.3938265970574926
514,0.5193726984643514,1.2362871771799955,0.7075769079410278,1.3105789271462356
515,0.9101821939597827,1.2716048483689695,1.167940148718745,1.0226895210798406
516,1.016403041578483,1.4417004966245717,1.4776607709356284,1.1255181076480811
517,0.7516292593128235,1.5333643421563858,1.5970901239278816,1.5351684024432304
518,0.9382783073154101,1.5164245576605002,1.7179304846857748,1.3425608624991763
519,0.20135604070273483,1.5295131084877174,0.4640424114989282,1.6277692818444436
520,0.8600504478355492,1.551242778645181,1.7864836192003946,1.4791970004384354
521,1.0365510174182608,1.5168547066182765,1.1177950236569134,0.6169387736303702
522,1.1301242249198338,2.022452152725215,1.2936896812303535,0.1558042581052929
523,0.0368693208994849,1.4232291304555136,0.3332452481186969,1.887127988419591
524,0.9602624142590112,0.9444418913855024,1.0473197206830662,0.9561795771081173
525,0.8276903543193587,1.2299526082992,1.1392630471503529,1.0752999922171567
526,0.5852824585096263,1.5059340884043602,1.3065103723056832,1.6210433479850337
527,1.3507135613785817,1.997705568342011,1.6112800102211522,-0.2037291721054351
528,0.26403120255435314,1.3267174249169533,0.5093207376602596,1.6188297669079346
529,0.35917238278726193,1.4686489905064328,0.911534278233309,1.737770512831942
530,0.8266094543410486,1.1107117385710539,0.9458076847259392,0.9616529404654688
531,1.0389934383427175,1.3385796722463592,1.4018851712215852,1.072713143811321
532,0.5393644714507293,1.2292070080229367,0.7230992277084269,1.2864446563360286
533,1.002027687175537,1.8936739327843473,1.0978441556879377,0.450187853458117
534,1.0967599010140912,0.859679840653938,1.1525894504614684,0.9077533234307974
535,1.0235226193303617,1.5048300423600895,1.3978151414015303,1.0056372547331935
536,1.3441980585490387,1.6730391636070143,1.575939254130527,0.0014760088617591389
537,0.8376751975636758,1.2779687915687001,1.2433955130043546,1.1318734294526065
538,1.0511254241729155,0.831404523694751,1.1163319530736857,0.9524585501341797
539,0.8566021151861006,1.368986579534705,1.440785352265012,1.2391120470225019
540,0.390957046071183,1.2817661120387072,0.6078704526434136,1.4656036032086528
541,1.0868893941323263,0.9249000861905718,1.2261527490266895,0.984575846886805
542,0.89865644541817,1.9800775126248455,1.018524348215531,0.5282827623391249
543,1.024309802934358,1.4927439032323222,1.4047845696986223,1.0196711768444962
544,0.9280449273732062,1.4285126837849123,1.3292583074981834,1.1739203048912072
545,0.5747211017414414,1.5041925418599233,1.2880614666959878,1.6264955474438492
546,1.0283675730611417,1.606176308802721,1.1130658501747375,0.5774119705342019
547,0.3996148777131673,1.1861609311825758,0.6128336308082055,1.5764303984394734
548,1.048051577663118,0.9811287497128399,1.3470716882486538,1.0901431099195917
549,1.0935387867827453,0.8948380297253451,1.1507279839027464,0.8921950398503746
550,1.0382750146841742,2.0327561604715414,1.1614510999617476,0.30550715013220925
551,1.0798484158889576,1.0442672687313688,1.1428163838274366,0.8260692655409895
552,0.97083721267635,1.2731017927321777,1.6013986675706207,1.2780192981090026
553,1.3750365728805634,1.9171924892660697,1.654873833626957,-0.2197108197382938
554,1.3562974557007175,1.9970791449878822,1.6193193418737424,-0.21283023162082718
555,1.1381787011215962,0.8880086093904535,1.214852337378627,0.8205267506758109
556,0.9761711732776975,1.4801811213697877,1.6013923851477514,1.2372885425964404
557,1.1036241812373653,0.7709903619029942,1.1640278672897237,0.9549251497760315
558,0.9170167763892945,1.4766146567187353,1.7786712384066719,1.4089739257619798
559,0.8661278937363945,1.4147951633515756,1.5401302077975196,1.2930844551762954
560,1.1049629093439626,0.770144699363582,1.157329929870236,0.9473746223486463
561,1.086775234107076,0.9686616344430962,1.1468193590544267,0.8595264466303129
562,0.9685175872874524,1.4875015562112448,1.624930704124252,1.258551403884636
563,0.3550268425088251,1.2128445490622453,0.5784209594529222,1.6159820585472109
564,0.870766353791812,1.4488327750534218,0.9867274841163018,0.7618703395700326
565,0.9481820060426929,1.8355340908721283,1.054597371127208,0.5154167246205925
566,0.425586353355335,1.5787184776798935,0.7236720142257994,1.267508407784851
567,-1.0157689407758352,-0.7308160193217338,-0.9648572357791906,-0.8472416608323041
568,-1.251246395615376,-0.49401265242990094,-1.059350268825429,-1.2345636875440085
569,-1.08835399689334,-0.8009361960250445,-1.3266419412673982,-1.873261115682792
570,-1.085189594183759,-0.8032510337846626,-1.3444925374240864,-1.8798216806831751
571,-1.2249274003824966,-0.6669280323068066,-0.9620573688914646,-1.2501038089689107
572,-1.2904401640321628,-0.551821529914973,-1.1889079888010512,-0.9874535546785488
573,-1.2524794551405825,-0.9196773824703754,-0.9678103577791419,-1.3089857664029496
574,-1.0340339103917775,-0.762953782224115,-1.3514602385932708,-1.8060091709998192
575,-0.9738756833126442,-1.158094267694402,-1.0081150717220575,-0.4023911464668461
576,-1.1982220148104314,-1.0276184400538186,-0.7684358814733719,-1.4288656039994125
577,-1.1188203942310238,-0.8122579766110577,-1.0385434108405374,-1.1645955551782632
578,-1.2497151313054633,-0.6656851517410322,-1.197284517004805,-0.6756717607223923
579,-1.2719906173915119,-0.6190916832168487,-1.1834709371653338,-0.7742985815328718
580,-0.7798922305456911,-0.3435452010126049,-0.6850219436734212,-1.4804658744016304
581,-1.20507865257922,-0.6768588154838897,-0.844575720753851,-1.6763328993826456
582,-0.9008966603322212,-0.29568791695718405,-0.7816475217419514,-1.4300086533586023
583,-1.0222418083587719,-0.8434765511605647,-1.4461401296399365,-1.5770366563282494
584,-0.5910160594883719,-0.007561945158258823,-0.6320741583261579,-2.1647795692217913
585,-1.0217118654682795,-0.9033486268148391,-1.5343331701458536,-1.761497733958733
586,-1.287745132701471,-0.481314878928576,-1.2120335339763442,-1.0789996924105856
587,-1.00288588878522,-0.5109359810354365,-0.8030412379601258,-1.5443986715687354
588,-1.0152874568138637,-0.614528896785563,-1.0011060881889173,-1.184554512321054
589,-1.2154730988382667,-0.7332961729957328,-1.1614796270316152,-0.6571457323710425
590,-1.2480896510024682,-0.7745842689891032,-1.0646371708198528,-0.7945762945721835
591,-1.1624910641981427,-0.9822086564822959,-1.4283275022290456,-1.0718158107769533
592,-0.6923172848542678,-0.1371238575544629,-0.6707901526357887,-2.0101912378791966
593,-1.1110826351054484,-0.892637884945436,-1.4135112701473598,-1.239740061221291
594,-0.9434343149963432,-0.8093252804477414,-1.0534737658389137,-0.8024673998718415
595,-0.9849759456705375,-0.7865043345229994,-1.4944967246866738,-1.8345792887932142
596,-1.0513055542630776,-0.9187571797794771,-0.9897806778521119,-1.299954094945185
597,-0.20499379651048474,-0.23197411737724294,-1.1232530306976134,-1.0106911637034628
598,-1.0074229799613894,-0.338113513876542,-0.9366234441950393,-1.2777598279379527
599,-1.1119395861991717,-0.9875051924271372,-1.4105471575781563,-1.6599577093446503
600,-1.2069277926085016,-0.740632408337651,-1.016988824882054,-0.9688002407180512
601,-1.0425221176312718,-0.2487549103540658,-0.8979346484507909,-1.3660209121576452
602,-1.2353920188248055,-0.5088742368849591,-1.293701330467249,-1.2331096485996271
603,-1.1961178785696558,-0.7840765098696099,-0.2278264052704357,-0.8090807053360988
604,-0.3511999885137861,-0.4521489328577457,0.03653727106273941,-1.0625325399947168
605,-1.006435087770948,-1.534924354301695,-0.8889365084627977,-0.877926102465648
606,-0.8245277741739638,-1.10577943984904,-0.9673810709719375,-0.6779759587685823
607,-0.867026449846029,-0.7956933193575401,-1.604692643602533,-0.8930962436757991
608,-0.8777037869574482,-1.0340337300878748,-1.6165636620532726,-0.9743284511720968
609,-1.3808157995733528,-0.13726422993511003,-0.9254221109361075,-0.8361329499698743
610,-1.2488975183432613,-0.5240811452064399,-0.6920155297311538,-1.437485875550153
611,-1.151009543832139,-0.7319446814061059,-0.8310045924266197,-0.8709577241510189
612,-0.8741400485095069,-1.0543663357817357,-1.5988849842391788,-0.9510626968299017
613,-0.8177858069373779,-1.1303952758645217,-0.9143411959842577,-0.6381922325576762
614,-0.9057446167282963,-1.6890383482372633,-1.0678520106495573,-1.2143992295390091
615,-1.1553823428636951,-0.8839080467284335,-0.9972426168778713,-1.0167145297945437
616,-0.8257866410784956,-0.6426431001865834,-0.9744578348910256,-0.731935586921358
617,-0.797918243303001,-1.1047415101269011,-0.9245619856764329,-0.6069348101339648
618,-0.8929258889774422,-0.83802908182075,-0.7463783043298968,-1.1424707194041805
619,-0.8744599839055355,-0.7728382476781315,-1.475938524182457,-0.9528951806505297
620,-0.8288391748805058,-1.0884283609372818,-1.0031046228461569,-0.7053221019138928
621,-0.8729876526924016,-0.9853186672538142,-1.1852480750275687,-0.5385167141192733
622,-0.7962224528157167,-0.34524206652961803,-0.8057212614079272,-0.7196068917997717
623,-0.9481868233895786,-0.6390235182962731,-1.963914230991078,-1.4280140645463781
624,0.2431729874754458,0.18234367504010496,0.4900092417197512,0.1422852932843356
625,-1.0241370724773189,-0.3596950673701654,-0.2886735923584197,-0.007849014229328268
626,-0.6147422594005885,-0.8501268888914003,-0.4347806080956119,-0.9054139553951046
627,-0.6958043189957963,-0.534866850281332,-0.12487028961030268,-0.5075763659766498
628,-1.073027337314743,-0.28154275545352536,-0.41280127910836006,0.2643399522385342
629,-0.21894624302092455,-0.48840487082950895,-0.10587654842966558,-0.46093491911990003
630,-0.5550205842478765,-0.6169333972680155,-0.06151842239752037,-0.5899980537633559
631,-0.48440803176502223,-0.7157705662741541,-0.04204569488205256,-0.5645906866385827
632,-1.0678756405357617,-0.30137703216338013,-0.42911417686443754,0.20258636861430038
633,-0.5016269335629572,-0.42383062490822393,-0.1353310076771321,-0.26867158340945124
634,-0.9492483233154977,-0.3135037101127397,-0.34586124818286207,0.14707791767945033
635,0.16620697434308981,0.10074949484118163,0.43535791591005285,0.09429327245571659
636,-0.3006712400486615,-0.6081035141686095,-0.3721344467029295,-0.513590768928017
637,-0.2999735871280321,-0.6078515282337574,-0.37269904253137354,-0.5138567951955563
638,-1.0206110572918394,-0.3699380912393055,-0.29246967498171417,-0.019057737842554476
639,-1.2806142307538833,-1.4078517030097468,-1.516884810218037,-2.2218629169358532
640,-1.7388061721872508,-0.776728330879652,-1.5292420072261743,-1.4487092477228456
641,-1.081152626535459,-1.0745998447253369,-1.3997804626193495,-0.011406141316769126
642,-0.6062537195214722,-0.6743904415242767,-0.8139636673885835,-0.4771337750167951
643,-0.9504932073566149,-0.7941310492830418,-1.323732135824354,-0.022434625156873556
644,-0.6013273734172078,-0.9546591337711133,-0.9213651494039546,-0.07514381824505298
645,-0.4922757281015271,-0.6541398852105014,-0.7084157084874476,-0.03322243015417581
646,-1.4924846328161034,-0.06398872662028185,-1.0556068091485824,-0.6498440888119073
647,-1.1498624409816247,0.03633785372770248,-0.8381932665626238,-1.0309899619686635
648,-0.7944663930630064,-0.6708661574864047,-0.9614509406016021,-0.8899859902760234
649,-0.8845840166238003,-0.6952311265149842,-0.8098069065293563,-0.5512346942335351
650,-0.7719297671698018,-0.3143263724976328,-0.4500666735381518,-0.10513434392161741
651,-1.6090227513798319,0.03545782133733367,-1.071038359758125,-0.6077923352881865
652,-0.5681144966071433,-0.4504257335707885,-0.900938968589487,-0.4996462946998226
653,-1.0696837304490878,-1.1155922857612457,-0.9008026612380642,-0.7424804326529276
654,-0.3948911843968362,-1.5572021791494879,-0.504267680245715,-0.11233874650680735
655,-0.7897160897433316,-0.663586275946768,-0.6800596709851179,-0.8396956203508654
656,-0.7640246299017024,-0.8680092124640294,-0.7044190511176243,-1.1346510914960866
657,-1.307092947415269,-1.1911860476180354,-1.2771945449748738,-0.9809786204480844
658,-0.8635740147092129,-0.8466066081783583,-0.6801976399941653,-0.23189308223583627
659,-1.0634842620965845,-1.1156097348978098,-0.8930162486061177,-0.7476933670972604
660,-0.6911137203300184,-1.3064853617743157,-0.7797106611604476,-1.2155879168488362
661,-1.001773909350668,-0.9761648321839476,-0.9208895597766066,-0.8755353018856076
662,-0.7137773921523959,-0.7847617932975562,-0.7042491266866131,-1.2222654153956354
663,-1.4594350313421456,-1.3210480108907792,-1.6170655037491197,-1.6067403402417584
664,-0.831934587186409,-0.6634438530315536,-0.6912156182221937,-0.8689437442047493
665,-0.9709125163578776,-0.8279839889942918,-0.825366399905157,-0.772008758940058
666,-0.9140379383267372,-0.7197240885991273,-0.6007382013216375,-0.5686694968782315
667,-0.5421745623901938,-1.193432851604264,-0.5031190466457932,-0.42460633762121897
668,-0.7381172351458358,-1.242884325263382,-0.9899824858730023,-1.1454275321046221
669,-0.6978241421544751,-0.738389174784676,-0.7192468368424981,-1.260930844581075
670,-0.9854618328925429,-1.1135506607436307,-0.9737276356609221,-1.1069357702930334
671,-0.7306487372644036,-1.0875742530526462,-0.9984297880294124,-1.1786821964433205
672,-0.6226610502884992,-1.1513874922073957,-0.8024423501233721,0.39462876312788325
673,-0.8313103807165035,-1.1257467104962768,-0.65916550962627,-0.9228667986580371
674,-0.6280635028187522,-1.117912170084797,-0.7769429227373282,0.2937187183512111
675,-0.7482325962160643,-0.8425839043239741,-0.7038084422789566,-1.1617855013915042
676,-0.3760577989246426,-1.6037180050489201,-0.5044145580512627,-0.07240853853591454
677,-0.8352256926508105,-0.7506912589558922,-0.6680641246435737,-0.8716618172621858
678,-0.8103553030478017,-0.6283814670059034,-0.6737987507992792,-0.7343993622669164
679,-0.34884725645703096,-1.670924236128377,-0.5046267676283138,-0.014717231716068705
680,-0.852902034869235,-0.7526537388026797,-0.6899254419907946,-0.857172471037537
681,-0.4619397492385747,-1.4978707972343621,-0.5277634375470456,-0.10052798111201847
682,-0.7424228054678857,-0.7822728819651128,-0.694596750264967,-1.1403763840340266
683,-0.9308737051229566,-0.7191109544019392,-0.6098665646799785,-0.5450075054709571
684,-0.34867317856603885,-1.6713541841524457,-0.5046281252269591,-0.014348154876396253
685,-0.6746969127686571,-0.6050974120556353,-0.7359222982636471,-1.2775045019764826
686,-0.6622994563494591,-1.1012406332792726,-0.7823289225601998,0.29154453363320276
687,-1.1827770009117695,-1.1152739713818962,-1.0428456268035293,-0.647383922517642
688,-0.4957813528437845,-0.31784483908630495,-0.6030521373924618,-1.1697032405915986
689,-0.8676508178917206,-0.6963667385555982,-0.6293902151665516,-0.709496542776057
690,-0.881219100382248,-1.0566933036706037,-0.708950448462811,-0.9332835626015923
691,-0.697451763921781,-0.7147346673683148,-0.8448340465131544,-1.2748213046615506
692,-0.9740317927753066,-0.35165445715757143,-0.6241597048717646,0.09679468260446533
693,-0.4706637929405675,-0.7213277264399302,-0.8398168607342978,-0.8171883155403512
694,-0.7624373627565609,-0.9262057156312066,-0.6585037058218839,-1.1043296563618128
695,-0.431944270308143,-1.4656862434813127,-0.5039787106414167,-0.190898038386989
696,-0.6849701011082727,-0.7192211844013424,-0.9029356767498322,-1.3043531874175334
697,-0.7129104725508097,-0.6160758005463545,-0.7300694071637042,-1.186443824248106
698,-0.8596106212132691,-0.7747868805941784,-0.5832248063032099,-0.5682601156607812
699,-1.4079354343502322,-1.2761193688192376,-1.4966479117279863,-1.3876923944226214
700,-0.5707822542732423,-0.7566438418754518,-0.803036776012689,-0.5657049237013344
701,-0.7173620987740691,-1.0372734155256518,-0.9562693567200937,-1.207639717222969
702,-0.6477284371858737,-0.5885000560237038,-0.7590627411726377,-1.3684912519318166
703,-0.35733586203373935,-1.6499585685526674,-0.5045605666916236,-0.03271462185930205
704,-0.8508156117034658,-0.6808361318955135,-0.6994345436851366,-0.8455731058325379
705,-0.8770362869601227,-0.7063064722166466,-0.6123931175287084,-0.6652591821551027
706,-0.6932963708279131,-1.3035319904242995,-0.7894748225152031,-1.2123299562623886
707,-0.8426030177574453,-0.7223256447506597,-0.5620061424066326,-0.6690683974539642
708,-0.4861934307139161,-1.3882649697514462,-0.5559975882399307,-0.2501991784253376
709,-0.9147384202539848,-1.1160283976540735,-0.7061943413041543,-0.8727689829893129
710,-0.645496846055766,-0.8983240719610001,-0.6724169641500247,-1.3314793716251103
711,-0.5930443757024196,-1.167618710717238,-0.5952705096330169,-0.43413177686189675
712,-1.4417310013933506,-1.3287578253350625,-1.609522685875239,-1.6330119047545684
713,-0.9716550673989613,-0.4518457666304669,-0.6253627406937169,-0.06554496032005092
714,-0.9088230216747899,-0.8052052876063892,-0.6171879593891515,-0.4524263287291439
715,-0.7117262077776167,-0.6941173200751988,-0.5618779595361082,-0.9525818357060704
716,-0.9366367272312482,-0.41298016533928916,-0.6354911900360333,-0.090142178823423
717,-0.7585708085831739,-1.098356827244971,-0.9476811702701571,-0.6895829930660671
718,-0.6759739765806565,-0.6489311577082509,-0.8830372171522896,-1.3284489456524669
719,-1.4005896259911854,-1.2697108294564614,-1.4794717665596235,-1.3564477959127959
720,-0.6051139625461406,-1.0379813432075629,-0.5026281948554399,-0.5580493312614786
721,-0.6983553207238263,-1.52468974413485,-0.5146562884955004,-0.7451396028844948
722,-0.7404611428492355,-1.1248528301554204,-0.9561119532493709,-1.1511540316798394
723,-1.4719653418049758,-1.330816444055097,-1.6401178883078853,-1.6515463600188973
724,-0.8790192551982825,-0.5112596910485627,-0.6529694915772095,-0.38409254000377235
725,-0.9716201341710141,-0.9014125470663381,-1.1628200234664425,-1.4502134502863675
726,-1.2272035560956656,-1.0553617016199266,-1.1351780130732767,-0.9822797343871229
727,-0.8240715752627826,-0.9646853036544174,-0.7067408037368399,-1.0314763857660003
728,-1.2145926334278805,-1.1151844225230074,-1.0828054473608557,-0.6206311758011401
729,-0.5894117914779644,-0.6353408089191431,-0.7822762408344797,-1.1745303277157642
730,-0.6927299021388521,-0.7235813300578375,-0.7240359509871902,-1.2732776063132256
731,-0.706316631997181,-0.6523985543273237,-0.8476256407267693,-1.23963935410039
732,-1.0065916727601676,-1.352476885895632,-1.03925286727075,-1.445300474901871
733,-0.9374087964873872,-0.9531275464165625,-0.6769027262246045,-0.7172051912174491
734,-1.3235811849151162,-1.338644412098156,-1.4462877840311972,-1.5871503535099813
735,-0.6495825616967282,-0.5915599682087165,-0.7533499619083076,-1.3564416471441962
736,-0.8796371333635681,-1.2919152641213547,-1.0372376153157001,-1.2905517054770477
737,-0.6604686718959598,-0.6298049695667108,-0.7543648545346342,-1.3514682140924832
738,-0.7018538147119397,-0.8553716529679488,-0.9382321602124802,-1.2579027414662707
739,-0.6399123526767992,-1.2385572930980864,-0.5853799209440881,-1.310351383670604
740,-1.4723443981275837,-1.3309876008696855,-1.6401474484879823,-1.6519940820924446
741,-0.40177615091879393,-1.129068845167458,-0.08670849918312791,-0.3911069749063368
742,-0.664909351451003,-0.5998601193804348,-0.7426314638243443,-1.308151564722044
743,-1.2379501126695625,-1.1338039559412358,-1.1313046792093897,-0.7083382473578753
744,-0.9273291116355589,-0.45645741553028124,-0.6448660548403249,-0.22476796503360244
745,-0.6524146794630065,-0.6063937700526494,-0.7619364430274407,-1.3709884418903966
746,-0.6558165096512288,-0.6018480223253817,-0.7341424230397545,-1.3159283975330827
747,-0.8527278842151935,-0.6705074706492241,-0.6780150530834333,-0.8101966778982297
748,-0.6973187507123401,-0.885993953621835,-0.5551657204377254,-0.7621079821962478
749,-0.7133601673283749,-0.6162490926741907,-0.729905800782355,-1.185239064729333
750,-0.9043098181250088,-0.7463795184197595,-0.7555277854807277,-0.8128056804833469
751,-0.7020059170572472,-0.9417336759074271,-0.9170069101062851,-1.2461064899978256
